{
  "profile": "AGGRESSIVE",
  "rows_used": 3000,
  "best": {
    "min_effective_ev": 0.01,
    "signal_decay_lambda": 0.01,
    "max_signal_age_sec": 45,
    "max_entries_per_cycle": 2,
    "opened": 1,
    "trades": 1,
    "win_rate": 0.0,
    "expectancy": -0.011111111111110876,
    "profit_factor": 0.0,
    "total_pnl": -0.011111111111110876,
    "score": -0.011111111111110876
  },
  "top": [
    {
      "min_effective_ev": 0.01,
      "signal_decay_lambda": 0.01,
      "max_signal_age_sec": 45,
      "max_entries_per_cycle": 2,
      "opened": 1,
      "trades": 1,
      "win_rate": 0.0,
      "expectancy": -0.011111111111110876,
      "profit_factor": 0.0,
      "total_pnl": -0.011111111111110876,
      "score": -0.011111111111110876
    },
    {
      "min_effective_ev": 0.01,
      "signal_decay_lambda": 0.01,
      "max_signal_age_sec": 45,
      "max_entries_per_cycle": 3,
      "opened": 1,
      "trades": 1,
      "win_rate": 0.0,
      "expectancy": -0.011111111111110876,
      "profit_factor": 0.0,
      "total_pnl": -0.011111111111110876,
      "score": -0.011111111111110876
    },
    {
      "min_effective_ev": 0.01,
      "signal_decay_lambda": 0.01,
      "max_signal_age_sec": 60,
      "max_entries_per_cycle": 2,
      "opened": 1,
      "trades": 1,
      "win_rate": 0.0,
      "expectancy": -0.011111111111110876,
      "profit_factor": 0.0,
      "total_pnl": -0.011111111111110876,
      "score": -0.011111111111110876
    }
  ]
}